{"accuracy": [0.9434815049171448, 0.9828888773918152, 0.9883518815040588, 0.9904814958572388, 0.9927963018417358, 0.9933703541755676, 0.9949259161949158, 0.9950370192527771, 0.9956481456756592, 0.9963333606719971], "loss": [0.17788295447826385, 0.05507585406303406, 0.039068322628736496, 0.03031088411808014, 0.023690171539783478, 0.0220651738345623, 0.015540676191449165, 0.015143058262765408, 0.013014235533773899, 0.010789301246404648], "val_accuracy": [0.9871666431427002, 0.9916666746139526, 0.9900000095367432, 0.9925000071525574, 0.9925000071525574, 0.9926666617393494, 0.9940000176429749, 0.9909999966621399, 0.9926666617393494, 0.9934999942779541], "val_loss": [0.043264277279376984, 0.029578395187854767, 0.028907740488648415, 0.027167780324816704, 0.02710571326315403, 0.026896871626377106, 0.024152809754014015, 0.02994678169488907, 0.028285013511776924, 0.028582273051142693]}